[
  {
    "model": "user_info.UserInfo",
    "pk": 1,
    "fields": {
      "user": 1,
      "bio": "من ادمین سایت هستم.",
      "gender": "male",
      "image": null
    }
  },
  {
    "model": "user_info.UserInfo",
    "pk": 2,
    "fields": {
      "user": 11,
      "bio": "به نوشتن داستان‌های کوتاه علاقه دارم.",
      "gender": "female",
      "image": null
    }
  },
  {
    "model": "user_info.UserInfo",
    "pk": 3,
    "fields": {
      "user": 12,
      "bio": "همیشه به یادگیری و رشد علاقه‌مندم.",
      "gender": "male",
      "image": null
    }
  },
  {
    "model": "user_info.UserInfo",
    "pk": 4,
    "fields": {
      "user": 13,
      "bio": "به عکاسی و هنر دیجیتال علاقه دارم.",
      "gender": "female",
      "image": null
    }
  },
  {
    "model": "user_info.UserInfo",
    "pk": 5,
    "fields": {
      "user": 14,
      "bio": "یک فرد هنری با علاقه به نویسندگی.",
      "gender": "male",
      "image": null
    }
  },
  {
    "model": "user_info.UserInfo",
    "pk": 6,
    "fields": {
      "user": 15,
      "bio": "من به سفر و کشف مکان‌های جدید علاقه دارم.",
      "gender": "female",
      "image": null
    }
  },
  {
    "model": "user_info.UserInfo",
    "pk": 7,
    "fields": {
      "user": 16,
      "bio": "آشپزی یکی از بزرگترین علاقه‌مندی‌های من است.",
      "gender": "male",
      "image": null
    }
  },
  {
    "model": "user_info.UserInfo",
    "pk": 8,
    "fields": {
      "user": 17,
      "bio": "دوست دارم داستان‌های معمایی بنویسم.",
      "gender": "female",
      "image": null
    }
  },
  {
    "model": "user_info.UserInfo",
    "pk": 9,
    "fields": {
      "user": 18,
      "bio": "به فلسفه و تفکر عمیق علاقه دارم.",
      "gender": "male",
      "image": null
    }
  },
  {
    "model": "user_info.UserInfo",
    "pk": 10,
    "fields": {
      "user": 19,
      "bio": "آرامش و سکوت برای من از اهمیت بالایی برخوردار است.",
      "gender": "female",
      "image": null
    }
  },
    {
    "model": "user_info.UserInfo",
    "pk": 11,
    "fields": {
      "user": 20,
      "bio": "آرامش و سکوت برای من از اهمیت بالایی برخوردار است.",
      "gender": "female",
      "image": null
    }
  }
]
