[
  {
    "model": "accounts.User",
    "pk": 11,
    "fields": {
      "email": "ali@example.com",
      "name": "Ali.E",
      "is_active": true,
      "is_admin": false,
      "joined_date": "2025-04-10T10:00:00Z",
      "password": "pbkdf2_sha256$870000$2zq9uAXYmBDU1FCAa6Xrsy$LqbgXr0hj6HeC7+Ws0+ExYO4WjV1E1g5o1HAKkb0j7U="
    }
  },
  {
    "model": "accounts.User",
    "pk": 12,
    "fields": {
      "email": "sara@example.com",
      "name": "Sara.E",
      "is_active": true,
      "is_admin": false,
      "joined_date": "2025-04-10T10:05:00Z",
      "password": "pbkdf2_sha256$870000$2zq9uAXYmBDU1FCAa6Xrsy$LqbgXr0hj6HeC7+Ws0+ExYO4WjV1E1g5o1HAKkb0j7U="
    }
  },
  {
    "model": "accounts.User",
    "pk": 13,
    "fields": {
      "email": "mohammad@example.com",
      "name": "Mohammad.E",
      "is_active": true,
      "is_admin": false,
      "joined_date": "2025-04-10T10:10:00Z",
      "password": "pbkdf2_sha256$870000$2zq9uAXYmBDU1FCAa6Xrsy$LqbgXr0hj6HeC7+Ws0+ExYO4WjV1E1g5o1HAKkb0j7U="
    }
  },
  {
    "model": "accounts.User",
    "pk": 14,
    "fields": {
      "email": "reza@example.com",
      "name": "Reza.E",
      "is_active": true,
      "is_admin": false,
      "joined_date": "2025-04-10T10:15:00Z",
      "password": "pbkdf2_sha256$870000$2zq9uAXYmBDU1FCAa6Xrsy$LqbgXr0hj6HeC7+Ws0+ExYO4WjV1E1g5o1HAKkb0j7U="
    }
  },
  {
    "model": "accounts.User",
    "pk": 15,
    "fields": {
      "email": "fatemeh@example.com",
      "name": "Fatemeh.E",
      "is_active": true,
      "is_admin": false,
      "joined_date": "2025-04-10T10:20:00Z",
      "password": "pbkdf2_sha256$870000$2zq9uAXYmBDU1FCAa6Xrsy$LqbgXr0hj6HeC7+Ws0+ExYO4WjV1E1g5o1HAKkb0j7U="
    }
  },
  {
    "model": "accounts.User",
    "pk": 16,
    "fields": {
      "email": "zahra@example.com",
      "name": "Zahra.E",
      "is_active": true,
      "is_admin": false,
      "joined_date": "2025-04-10T10:25:00Z",
      "password": "pbkdf2_sha256$870000$2zq9uAXYmBDU1FCAa6Xrsy$LqbgXr0hj6HeC7+Ws0+ExYO4WjV1E1g5o1HAKkb0j7U="
    }
  },
  {
    "model": "accounts.User",
    "pk": 17,
    "fields": {
      "email": "hamed@example.com",
      "name": "Hamed.E",
      "is_active": true,
      "is_admin": false,
      "joined_date": "2025-04-10T10:30:00Z",
      "password": "pbkdf2_sha256$870000$2zq9uAXYmBDU1FCAa6Xrsy$LqbgXr0hj6HeC7+Ws0+ExYO4WjV1E1g5o1HAKkb0j7U="
    }
  },
  {
    "model": "accounts.User",
    "pk": 18,
    "fields": {
      "email": "niloofar@example.com",
      "name": "Niloofar.E",
      "is_active": true,
      "is_admin": false,
      "joined_date": "2025-04-10T10:35:00Z",
      "password": "pbkdf2_sha256$870000$2zq9uAXYmBDU1FCAa6Xrsy$LqbgXr0hj6HeC7+Ws0+ExYO4WjV1E1g5o1HAKkb0j7U="
    }
  },
  {
    "model": "accounts.User",
    "pk": 19,
    "fields": {
      "email": "kian@example.com",
      "name": "Kian.E",
      "is_active": true,
      "is_admin": false,
      "joined_date": "2025-04-10T10:40:00Z",
      "password": "pbkdf2_sha256$870000$2zq9uAXYmBDU1FCAa6Xrsy$LqbgXr0hj6HeC7+Ws0+ExYO4WjV1E1g5o1HAKkb0j7U="
    }
  },
  {
    "model": "accounts.User",
    "pk": 20,
    "fields": {
      "email": "yasaman@example.com",
      "name": "Yasaman.E",
      "is_active": true,
      "is_admin": false,
      "joined_date": "2025-04-10T10:45:00Z",
      "password": "pbkdf2_sha256$870000$2zq9uAXYmBDU1FCAa6Xrsy$LqbgXr0hj6HeC7+Ws0+ExYO4WjV1E1g5o1HAKkb0j7U="
    }
  }
]
