[
    {
        "model": "book.Book",
        "pk": 1,
        "fields": {
            "name": "رودخانه‌های آرام",
            "description": "توضیحات برای کتاب رودخانه‌های آرام",
            "created_at": "2025-03-12 12:23:02",
            "updated_at": "2025-03-12 12:23:02",
            "status": "O",
            "Author": 11
        }
    },
    {
        "model": "book.Book",
        "pk": 2,
        "fields": {
            "name": "عشق در زمان جنگ",
            "description": "توضیحات برای کتاب عشق در زمان جنگ",
            "created_at": "2025-03-12 12:28:02",
            "updated_at": "2025-03-12 12:28:02",
            "status": "O",
            "Author": 12
        }
    },
    {
        "model": "book.Book",
        "pk": 3,
        "fields": {
            "name": "سفر به ناشناخته‌ها",
            "description": "توضیحات برای کتاب سفر به ناشناخته‌ها",
            "created_at": "2025-03-12 12:33:02",
            "updated_at": "2025-03-12 12:33:02",
            "status": "O",
            "Author": 13
        }
    },
    {
        "model": "book.Book",
        "pk": 4,
        "fields": {
            "name": "در جستجوی حقیقت",
            "description": "توضیحات برای کتاب در جستجوی حقیقت",
            "created_at": "2025-03-12 12:38:02",
            "updated_at": "2025-03-12 12:38:02",
            "status": "O",
            "Author": 14
        }
    },
    {
        "model": "book.Book",
        "pk": 5,
        "fields": {
            "name": "رازهای نهفته",
            "description": "توضیحات برای کتاب رازهای نهفته",
            "created_at": "2025-03-12 12:43:02",
            "updated_at": "2025-03-12 12:43:02",
            "status": "O",
            "Author": 15
        }
    },
    {
        "model": "book.Book",
        "pk": 6,
        "fields": {
            "name": "به سوی بی‌نهایت",
            "description": "توضیحات برای کتاب به سوی بی‌نهایت",
            "created_at": "2025-03-12 12:48:02",
            "updated_at": "2025-03-12 12:48:02",
            "status": "O",
            "Author": 16
        }
    },
    {
        "model": "book.Book",
        "pk": 7,
        "fields": {
            "name": "یادداشت‌های یک پزشک",
            "description": "توضیحات برای کتاب یادداشت‌های یک پزشک",
            "created_at": "2025-03-12 12:53:02",
            "updated_at": "2025-03-12 12:53:02",
            "status": "O",
            "Author": 17
        }
    },
    {
        "model": "book.Book",
        "pk": 8,
        "fields": {
            "name": "ماجراجویی در زمان",
            "description": "توضیحات برای کتاب ماجراجویی در زمان",
            "created_at": "2025-03-12 12:58:02",
            "updated_at": "2025-03-12 12:58:02",
            "status": "O",
            "Author": 18
        }
    },
    {
        "model": "book.Book",
        "pk": 9,
        "fields": {
            "name": "سایه‌های تاریک",
            "description": "توضیحات برای کتاب سایه‌های تاریک",
            "created_at": "2025-03-12 13:03:02",
            "updated_at": "2025-03-12 13:03:02",
            "status": "O",
            "Author": 19
        }
    },
    {
        "model": "book.Book",
        "pk": 10,
        "fields": {
            "name": "رهایی از گذشته",
            "description": "توضیحات برای کتاب رهایی از گذشته",
            "created_at": "2025-03-12 13:08:02",
            "updated_at": "2025-03-12 13:08:02",
            "status": "O",
            "Author": 20
        }
    },
    {
        "model": "book.Book",
        "pk": 11,
        "fields": {
            "name": "خاطرات سرشار از دلتنگی",
            "description": "توضیحات برای کتاب خاطرات سرشار از دلتنگی",
            "created_at": "2025-03-12 13:13:02",
            "updated_at": "2025-03-12 13:13:02",
            "status": "O",
            "Author": 11
        }
    },
    {
        "model": "book.Book",
        "pk": 12,
        "fields": {
            "name": "جستجو برای نجات",
            "description": "توضیحات برای کتاب جستجو برای نجات",
            "created_at": "2025-03-12 13:18:02",
            "updated_at": "2025-03-12 13:18:02",
            "status": "O",
            "Author": 12
        }
    },
    {
        "model": "book.Book",
        "pk": 13,
        "fields": {
            "name": "دوستان در زمان جنگ",
            "description": "توضیحات برای کتاب دوستان در زمان جنگ",
            "created_at": "2025-03-12 13:23:02",
            "updated_at": "2025-03-12 13:23:02",
            "status": "O",
            "Author": 13
        }
    },
    {
        "model": "book.Book",
        "pk": 14,
        "fields": {
            "name": "یادگاری از فردا",
            "description": "توضیحات برای کتاب یادگاری از فردا",
            "created_at": "2025-03-12 13:28:02",
            "updated_at": "2025-03-12 13:28:02",
            "status": "O",
            "Author": 14
        }
    },
    {
        "model": "book.Book",
        "pk": 15,
        "fields": {
            "name": "دنیای موازی",
            "description": "توضیحات برای کتاب دنیای موازی",
            "created_at": "2025-03-12 13:33:02",
            "updated_at": "2025-03-12 13:33:02",
            "status": "O",
            "Author": 15
        }
    },
    {
        "model": "book.Book",
        "pk": 16,
        "fields": {
            "name": "صدای پرنده‌ها",
            "description": "توضیحات برای کتاب صدای پرنده‌ها",
            "created_at": "2025-03-12 13:38:02",
            "updated_at": "2025-03-12 13:38:02",
            "status": "O",
            "Author": 16
        }
    },
    {
        "model": "book.Book",
        "pk": 17,
        "fields": {
            "name": "فراتر از ابرها",
            "description": "توضیحات برای کتاب فراتر از ابرها",
            "created_at": "2025-03-12 13:43:02",
            "updated_at": "2025-03-12 13:43:02",
            "status": "O",
            "Author": 17
        }
    },
    {
        "model": "book.Book",
        "pk": 18,
        "fields": {
            "name": "سفر به قلب تاریکی",
            "description": "توضیحات برای کتاب سفر به قلب تاریکی",
            "created_at": "2025-03-12 13:48:02",
            "updated_at": "2025-03-12 13:48:02",
            "status": "O",
            "Author": 18
        }
    },
    {
        "model": "book.Book",
        "pk": 19,
        "fields": {
            "name": "وقتی ماه می‌درخشد",
            "description": "توضیحات برای کتاب وقتی ماه می‌درخشد",
            "created_at": "2025-03-12 13:53:02",
            "updated_at": "2025-03-12 13:53:02",
            "status": "O",
            "Author": 19
        }
    },
    {
        "model": "book.Book",
        "pk": 20,
        "fields": {
            "name": "دنیای بی‌پایان",
            "description": "توضیحات برای کتاب دنیای بی‌پایان",
            "created_at": "2025-03-12 13:58:02",
            "updated_at": "2025-03-12 13:58:02",
            "status": "O",
            "Author": 20
        }
    },
    {
        "model": "book.Book",
        "pk": 21,
        "fields": {
            "name": "گمشده در زمان",
            "description": "توضیحات برای کتاب گمشده در زمان",
            "created_at": "2025-03-12 14:03:02",
            "updated_at": "2025-03-12 14:03:02",
            "status": "O",
            "Author": 11
        }
    },
    {
        "model": "book.Book",
        "pk": 22,
        "fields": {
            "name": "آرزوهای ناتمام",
            "description": "توضیحات برای کتاب آرزوهای ناتمام",
            "created_at": "2025-03-12 14:08:02",
            "updated_at": "2025-03-12 14:08:02",
            "status": "O",
            "Author": 12
        }
    },
    {
        "model": "book.Book",
        "pk": 23,
        "fields": {
            "name": "گزارش یک زندگی",
            "description": "توضیحات برای کتاب گزارش یک زندگی",
            "created_at": "2025-03-12 14:13:02",
            "updated_at": "2025-03-12 14:13:02",
            "status": "O",
            "Author": 13
        }
    },
    {
        "model": "book.Book",
        "pk": 24,
        "fields": {
            "name": "درباره یک عشق فراموش‌شده",
            "description": "توضیحات برای کتاب درباره یک عشق فراموش‌شده",
            "created_at": "2025-03-12 14:18:02",
            "updated_at": "2025-03-12 14:18:02",
            "status": "O",
            "Author": 14
        }
    },
    {
        "model": "book.Book",
        "pk": 25,
        "fields": {
            "name": "از نو شروع کردن",
            "description": "توضیحات برای کتاب از نو شروع کردن",
            "created_at": "2025-03-12 14:23:02",
            "updated_at": "2025-03-12 14:23:02",
            "status": "O",
            "Author": 15
        }
    },
    {
        "model": "book.Book",
        "pk": 26,
        "fields": {
            "name": "چشم‌اندازهای جدید",
            "description": "توضیحات برای کتاب چشم‌اندازهای جدید",
            "created_at": "2025-03-12 14:28:02",
            "updated_at": "2025-03-12 14:28:02",
            "status": "O",
            "Author": 16
        }
    },
    {
        "model": "book.Book",
        "pk": 27,
        "fields": {
            "name": "داستان‌های یک شب تابستانی",
            "description": "توضیحات برای کتاب داستان‌های یک شب تابستانی",
            "created_at": "2025-03-12 14:33:02",
            "updated_at": "2025-03-12 14:33:02",
            "status": "O",
            "Author": 17
        }
    },
    {
        "model": "book.Book",
        "pk": 28,
        "fields": {
            "name": "هرگز برنگشتن",
            "description": "توضیحات برای کتاب هرگز برنگشتن",
            "created_at": "2025-03-12 14:38:02",
            "updated_at": "2025-03-12 14:38:02",
            "status": "O",
            "Author": 18
        }
    },
    {
        "model": "book.Book",
        "pk": 29,
        "fields": {
            "name": "ماجراهای دریا",
            "description": "توضیحات برای کتاب ماجراهای دریا",
            "created_at": "2025-03-12 14:43:02",
            "updated_at": "2025-03-12 14:43:02",
            "status": "O",
            "Author": 19
        }
    },
    {
        "model": "book.Book",
        "pk": 30,
        "fields": {
            "name": "آفتاب در پشت ابرها",
            "description": "توضیحات برای کتاب آفتاب در پشت ابرها",
            "created_at": "2025-03-12 14:48:02",
            "updated_at": "2025-03-12 14:48:02",
            "status": "O",
            "Author": 20
        }
    },
    {
        "model": "book.Chapter",
        "pk": 1,
        "fields": {
            "title": "آغاز سفر",
            "book": 1,
            "body": "محتوای چپتر آغاز سفر در کتاب رودخانه‌های آرام",
            "is_approved": true,
            "created_at": "2025-03-20T13:30:00+03:30",
            "updated_at": "2025-03-20T13:30:00+03:30"
        }
    },
    {
        "model": "book.Chapter",
        "pk": 2,
        "fields": {
            "title": "در دل تاریکی",
            "book": 1,
            "body": "محتوای چپتر در دل تاریکی در کتاب رودخانه‌های آرام",
            "is_approved": true,
            "created_at": "2025-03-20T14:00:00+03:30",
            "updated_at": "2025-03-20T14:00:00+03:30"
        }
    },
    {
        "model": "book.Chapter",
        "pk": 3,
        "fields": {
            "title": "دست‌یابی به هدف",
            "book": 1,
            "body": "محتوای چپتر دست‌یابی به هدف در کتاب رودخانه‌های آرام",
            "is_approved": true,
            "created_at": "2025-03-20T14:30:00+03:30",
            "updated_at": "2025-03-20T14:30:00+03:30"
        }
    },
    {
        "model": "book.Chapter",
        "pk": 4,
        "fields": {
            "title": "آغاز سفر",
            "book": 2,
            "body": "محتوای چپتر آغاز سفر در کتاب عشق در زمان جنگ",
            "is_approved": true,
            "created_at": "2025-03-20T13:30:00+03:30",
            "updated_at": "2025-03-20T13:30:00+03:30"
        }
    },
    {
        "model": "book.Chapter",
        "pk": 5,
        "fields": {
            "title": "در دل تاریکی",
            "book": 2,
            "body": "محتوای چپتر در دل تاریکی در کتاب عشق در زمان جنگ",
            "is_approved": true,
            "created_at": "2025-03-20T14:00:00+03:30",
            "updated_at": "2025-03-20T14:00:00+03:30"
        }
    },
    {
        "model": "book.Chapter",
        "pk": 6,
        "fields": {
            "title": "دست‌یابی به هدف",
            "book": 2,
            "body": "محتوای چپتر دست‌یابی به هدف در کتاب عشق در زمان جنگ",
            "is_approved": true,
            "created_at": "2025-03-20T14:30:00+03:30",
            "updated_at": "2025-03-20T14:30:00+03:30"
        }
    },
    {
        "model": "book.Chapter",
        "pk": 7,
        "fields": {
            "title": "ملاقات با حقیقت",
            "book": 2,
            "body": "محتوای چپتر ملاقات با حقیقت در کتاب عشق در زمان جنگ",
            "is_approved": true,
            "created_at": "2025-03-20T15:00:00+03:30",
            "updated_at": "2025-03-20T15:00:00+03:30"
        }
    },
    {
        "model": "book.Chapter",
        "pk": 8,
        "fields": {
            "title": "آغاز سفر",
            "book": 3,
            "body": "محتوای چپتر آغاز سفر در کتاب سفر به ناشناخته‌ها",
            "is_approved": true,
            "created_at": "2025-03-20T13:30:00+03:30",
            "updated_at": "2025-03-20T13:30:00+03:30"
        }
    },
    {
        "model": "book.Chapter",
        "pk": 9,
        "fields": {
            "title": "در دل تاریکی",
            "book": 3,
            "body": "محتوای چپتر در دل تاریکی در کتاب سفر به ناشناخته‌ها",
            "is_approved": true,
            "created_at": "2025-03-20T14:00:00+03:30",
            "updated_at": "2025-03-20T14:00:00+03:30"
        }
    },
    {
        "model": "book.Chapter",
        "pk": 10,
        "fields": {
            "title": "دست‌یابی به هدف",
            "book": 3,
            "body": "محتوای چپتر دست‌یابی به هدف در کتاب سفر به ناشناخته‌ها",
            "is_approved": true,
            "created_at": "2025-03-20T14:30:00+03:30",
            "updated_at": "2025-03-20T14:30:00+03:30"
        }
    },
    {
        "model": "book.Chapter",
        "pk": 11,
        "fields": {
            "title": "ملاقات با حقیقت",
            "book": 3,
            "body": "محتوای چپتر ملاقات با حقیقت در کتاب سفر به ناشناخته‌ها",
            "is_approved": true,
            "created_at": "2025-03-20T15:00:00+03:30",
            "updated_at": "2025-03-20T15:00:00+03:30"
        }
    },
    {
        "model": "book.Chapter",
        "pk": 12,
        "fields": {
            "title": "چالش‌های پیش رو",
            "book": 3,
            "body": "محتوای چپتر چالش‌های پیش رو در کتاب سفر به ناشناخته‌ها",
            "is_approved": true,
            "created_at": "2025-03-20T15:30:00+03:30",
            "updated_at": "2025-03-20T15:30:00+03:30"
        }
    },
    {
        "model": "book.Chapter",
        "pk": 13,
        "fields": {
            "title": "آغاز سفر",
            "book": 4,
            "body": "محتوای چپتر آغاز سفر در کتاب در جستجوی حقیقت",
            "is_approved": true,
            "created_at": "2025-03-20T13:30:00+03:30",
            "updated_at": "2025-03-20T13:30:00+03:30"
        }
    },
    {
        "model": "book.Chapter",
        "pk": 14,
        "fields": {
            "title": "در دل تاریکی",
            "book": 4,
            "body": "محتوای چپتر در دل تاریکی در کتاب در جستجوی حقیقت",
            "is_approved": true,
            "created_at": "2025-03-20T14:00:00+03:30",
            "updated_at": "2025-03-20T14:00:00+03:30"
        }
    },
    {
        "model": "book.Chapter",
        "pk": 15,
        "fields": {
            "title": "دست‌یابی به هدف",
            "book": 4,
            "body": "محتوای چپتر دست‌یابی به هدف در کتاب در جستجوی حقیقت",
            "is_approved": true,
            "created_at": "2025-03-20T14:30:00+03:30",
            "updated_at": "2025-03-20T14:30:00+03:30"
        }
    },
    {
        "model": "book.Chapter",
        "pk": 16,
        "fields": {
            "title": "ملاقات با حقیقت",
            "book": 4,
            "body": "محتوای چپتر ملاقات با حقیقت در کتاب در جستجوی حقیقت",
            "is_approved": true,
            "created_at": "2025-03-20T15:00:00+03:30",
            "updated_at": "2025-03-20T15:00:00+03:30"
        }
    },
    {
        "model": "book.Chapter",
        "pk": 17,
        "fields": {
            "title": "چالش‌های پیش رو",
            "book": 4,
            "body": "محتوای چپتر چالش‌های پیش رو در کتاب در جستجوی حقیقت",
            "is_approved": true,
            "created_at": "2025-03-20T15:30:00+03:30",
            "updated_at": "2025-03-20T15:30:00+03:30"
        }
    },
    {
        "model": "book.Chapter",
        "pk": 18,
        "fields": {
            "title": "پذیرش واقعیت",
            "book": 4,
            "body": "محتوای چپتر پذیرش واقعیت در کتاب در جستجوی حقیقت",
            "is_approved": true,
            "created_at": "2025-03-20T16:00:00+03:30",
            "updated_at": "2025-03-20T16:00:00+03:30"
        }
    },
    {
        "model": "book.Chapter",
        "pk": 19,
        "fields": {
            "title": "آغاز سفر",
            "book": 5,
            "body": "محتوای چپتر آغاز سفر در کتاب رازهای نهفته",
            "is_approved": true,
            "created_at": "2025-03-20T13:30:00+03:30",
            "updated_at": "2025-03-20T13:30:00+03:30"
        }
    },
    {
        "model": "book.Chapter",
        "pk": 20,
        "fields": {
            "title": "در دل تاریکی",
            "book": 5,
            "body": "محتوای چپتر در دل تاریکی در کتاب رازهای نهفته",
            "is_approved": true,
            "created_at": "2025-03-20T14:00:00+03:30",
            "updated_at": "2025-03-20T14:00:00+03:30"
        }
    },
    {
        "model": "book.Chapter",
        "pk": 21,
        "fields": {
            "title": "دست‌یابی به هدف",
            "book": 5,
            "body": "محتوای چپتر دست‌یابی به هدف در کتاب رازهای نهفته",
            "is_approved": true,
            "created_at": "2025-03-20T14:30:00+03:30",
            "updated_at": "2025-03-20T14:30:00+03:30"
        }
    },
    {
        "model": "book.Chapter",
        "pk": 22,
        "fields": {
            "title": "ملاقات با حقیقت",
            "book": 5,
            "body": "محتوای چپتر ملاقات با حقیقت در کتاب رازهای نهفته",
            "is_approved": true,
            "created_at": "2025-03-20T15:00:00+03:30",
            "updated_at": "2025-03-20T15:00:00+03:30"
        }
    },
    {
        "model": "book.Chapter",
        "pk": 23,
        "fields": {
            "title": "چالش‌های پیش رو",
            "book": 5,
            "body": "محتوای چپتر چالش‌های پیش رو در کتاب رازهای نهفته",
            "is_approved": true,
            "created_at": "2025-03-20T15:30:00+03:30",
            "updated_at": "2025-03-20T15:30:00+03:30"
        }
    },
    {
        "model": "book.Chapter",
        "pk": 24,
        "fields": {
            "title": "پذیرش واقعیت",
            "book": 5,
            "body": "محتوای چپتر پذیرش واقعیت در کتاب رازهای نهفته",
            "is_approved": true,
            "created_at": "2025-03-20T16:00:00+03:30",
            "updated_at": "2025-03-20T16:00:00+03:30"
        }
    },
    {
        "model": "book.Chapter",
        "pk": 25,
        "fields": {
            "title": "دست‌نخورده",
            "book": 5,
            "body": "محتوای چپتر دست‌نخورده در کتاب رازهای نهفته",
            "is_approved": true,
            "created_at": "2025-03-20T16:30:00+03:30",
            "updated_at": "2025-03-20T16:30:00+03:30"
        }
    },
    {
        "model": "book.Chapter",
        "pk": 26,
        "fields": {
            "title": "آغاز سفر",
            "book": 6,
            "body": "محتوای چپتر آغاز سفر در کتاب به سوی بی‌نهایت",
            "is_approved": true,
            "created_at": "2025-03-20T13:30:00+03:30",
            "updated_at": "2025-03-20T13:30:00+03:30"
        }
    },
    {
        "model": "book.Chapter",
        "pk": 27,
        "fields": {
            "title": "در دل تاریکی",
            "book": 6,
            "body": "محتوای چپتر در دل تاریکی در کتاب به سوی بی‌نهایت",
            "is_approved": true,
            "created_at": "2025-03-20T14:00:00+03:30",
            "updated_at": "2025-03-20T14:00:00+03:30"
        }
    },
    {
        "model": "book.Chapter",
        "pk": 28,
        "fields": {
            "title": "دست‌یابی به هدف",
            "book": 6,
            "body": "محتوای چپتر دست‌یابی به هدف در کتاب به سوی بی‌نهایت",
            "is_approved": true,
            "created_at": "2025-03-20T14:30:00+03:30",
            "updated_at": "2025-03-20T14:30:00+03:30"
        }
    },
    {
        "model": "book.Chapter",
        "pk": 29,
        "fields": {
            "title": "ملاقات با حقیقت",
            "book": 6,
            "body": "محتوای چپتر ملاقات با حقیقت در کتاب به سوی بی‌نهایت",
            "is_approved": true,
            "created_at": "2025-03-20T15:00:00+03:30",
            "updated_at": "2025-03-20T15:00:00+03:30"
        }
    },
    {
        "model": "book.Chapter",
        "pk": 30,
        "fields": {
            "title": "چالش‌های پیش رو",
            "book": 6,
            "body": "محتوای چپتر چالش‌های پیش رو در کتاب به سوی بی‌نهایت",
            "is_approved": true,
            "created_at": "2025-03-20T15:30:00+03:30",
            "updated_at": "2025-03-20T15:30:00+03:30"
        }
    },
    {
        "model": "book.Chapter",
        "pk": 31,
        "fields": {
            "title": "پذیرش واقعیت",
            "book": 6,
            "body": "محتوای چپتر پذیرش واقعیت در کتاب به سوی بی‌نهایت",
            "is_approved": true,
            "created_at": "2025-03-20T16:00:00+03:30",
            "updated_at": "2025-03-20T16:00:00+03:30"
        }
    },
    {
        "model": "book.Chapter",
        "pk": 32,
        "fields": {
            "title": "دست‌نخورده",
            "book": 6,
            "body": "محتوای چپتر دست‌نخورده در کتاب به سوی بی‌نهایت",
            "is_approved": true,
            "created_at": "2025-03-20T16:30:00+03:30",
            "updated_at": "2025-03-20T16:30:00+03:30"
        }
    },
    {
        "model": "book.Chapter",
        "pk": 33,
        "fields": {
            "title": "رازهای کشف‌شده",
            "book": 6,
            "body": "محتوای چپتر رازهای کشف‌شده در کتاب به سوی بی‌نهایت",
            "is_approved": true,
            "created_at": "2025-03-20T17:00:00+03:30",
            "updated_at": "2025-03-20T17:00:00+03:30"
        }
    },
    {
        "model": "book.Chapter",
        "pk": 34,
        "fields": {
            "title": "آغاز سفر",
            "book": 7,
            "body": "محتوای چپتر آغاز سفر در کتاب یادداشت‌های یک پزشک",
            "is_approved": true,
            "created_at": "2025-03-20T13:30:00+03:30",
            "updated_at": "2025-03-20T13:30:00+03:30"
        }
    },
    {
        "model": "book.Chapter",
        "pk": 35,
        "fields": {
            "title": "در دل تاریکی",
            "book": 7,
            "body": "محتوای چپتر در دل تاریکی در کتاب یادداشت‌های یک پزشک",
            "is_approved": true,
            "created_at": "2025-03-20T14:00:00+03:30",
            "updated_at": "2025-03-20T14:00:00+03:30"
        }
    },
    {
        "model": "book.Chapter",
        "pk": 36,
        "fields": {
            "title": "دست‌یابی به هدف",
            "book": 7,
            "body": "محتوای چپتر دست‌یابی به هدف در کتاب یادداشت‌های یک پزشک",
            "is_approved": true,
            "created_at": "2025-03-20T14:30:00+03:30",
            "updated_at": "2025-03-20T14:30:00+03:30"
        }
    },
    {
        "model": "book.Chapter",
        "pk": 37,
        "fields": {
            "title": "آغاز سفر",
            "book": 8,
            "body": "محتوای چپتر آغاز سفر در کتاب ماجراجویی در زمان",
            "is_approved": true,
            "created_at": "2025-03-20T13:30:00+03:30",
            "updated_at": "2025-03-20T13:30:00+03:30"
        }
    },
    {
        "model": "book.Chapter",
        "pk": 38,
        "fields": {
            "title": "در دل تاریکی",
            "book": 8,
            "body": "محتوای چپتر در دل تاریکی در کتاب ماجراجویی در زمان",
            "is_approved": true,
            "created_at": "2025-03-20T14:00:00+03:30",
            "updated_at": "2025-03-20T14:00:00+03:30"
        }
    },
    {
        "model": "book.Chapter",
        "pk": 39,
        "fields": {
            "title": "دست‌یابی به هدف",
            "book": 8,
            "body": "محتوای چپتر دست‌یابی به هدف در کتاب ماجراجویی در زمان",
            "is_approved": true,
            "created_at": "2025-03-20T14:30:00+03:30",
            "updated_at": "2025-03-20T14:30:00+03:30"
        }
    },
    {
        "model": "book.Chapter",
        "pk": 40,
        "fields": {
            "title": "ملاقات با حقیقت",
            "book": 8,
            "body": "محتوای چپتر ملاقات با حقیقت در کتاب ماجراجویی در زمان",
            "is_approved": true,
            "created_at": "2025-03-20T15:00:00+03:30",
            "updated_at": "2025-03-20T15:00:00+03:30"
        }
    },
    {
        "model": "book.Chapter",
        "pk": 41,
        "fields": {
            "title": "آغاز سفر",
            "book": 9,
            "body": "محتوای چپتر آغاز سفر در کتاب سایه‌های تاریک",
            "is_approved": true,
            "created_at": "2025-03-20T13:30:00+03:30",
            "updated_at": "2025-03-20T13:30:00+03:30"
        }
    },
    {
        "model": "book.Chapter",
        "pk": 42,
        "fields": {
            "title": "در دل تاریکی",
            "book": 9,
            "body": "محتوای چپتر در دل تاریکی در کتاب سایه‌های تاریک",
            "is_approved": true,
            "created_at": "2025-03-20T14:00:00+03:30",
            "updated_at": "2025-03-20T14:00:00+03:30"
        }
    },
    {
        "model": "book.Chapter",
        "pk": 43,
        "fields": {
            "title": "دست‌یابی به هدف",
            "book": 9,
            "body": "محتوای چپتر دست‌یابی به هدف در کتاب سایه‌های تاریک",
            "is_approved": true,
            "created_at": "2025-03-20T14:30:00+03:30",
            "updated_at": "2025-03-20T14:30:00+03:30"
        }
    },
    {
        "model": "book.Chapter",
        "pk": 44,
        "fields": {
            "title": "ملاقات با حقیقت",
            "book": 9,
            "body": "محتوای چپتر ملاقات با حقیقت در کتاب سایه‌های تاریک",
            "is_approved": true,
            "created_at": "2025-03-20T15:00:00+03:30",
            "updated_at": "2025-03-20T15:00:00+03:30"
        }
    },
    {
        "model": "book.Chapter",
        "pk": 45,
        "fields": {
            "title": "چالش‌های پیش رو",
            "book": 9,
            "body": "محتوای چپتر چالش‌های پیش رو در کتاب سایه‌های تاریک",
            "is_approved": true,
            "created_at": "2025-03-20T15:30:00+03:30",
            "updated_at": "2025-03-20T15:30:00+03:30"
        }
    },
    {
        "model": "book.Chapter",
        "pk": 46,
        "fields": {
            "title": "آغاز سفر",
            "book": 10,
            "body": "محتوای چپتر آغاز سفر در کتاب رهایی از گذشته",
            "is_approved": true,
            "created_at": "2025-03-20T13:30:00+03:30",
            "updated_at": "2025-03-20T13:30:00+03:30"
        }
    },
    {
        "model": "book.Chapter",
        "pk": 47,
        "fields": {
            "title": "در دل تاریکی",
            "book": 10,
            "body": "محتوای چپتر در دل تاریکی در کتاب رهایی از گذشته",
            "is_approved": true,
            "created_at": "2025-03-20T14:00:00+03:30",
            "updated_at": "2025-03-20T14:00:00+03:30"
        }
    },
    {
        "model": "book.Chapter",
        "pk": 48,
        "fields": {
            "title": "دست‌یابی به هدف",
            "book": 10,
            "body": "محتوای چپتر دست‌یابی به هدف در کتاب رهایی از گذشته",
            "is_approved": true,
            "created_at": "2025-03-20T14:30:00+03:30",
            "updated_at": "2025-03-20T14:30:00+03:30"
        }
    },
    {
        "model": "book.Chapter",
        "pk": 49,
        "fields": {
            "title": "ملاقات با حقیقت",
            "book": 10,
            "body": "محتوای چپتر ملاقات با حقیقت در کتاب رهایی از گذشته",
            "is_approved": true,
            "created_at": "2025-03-20T15:00:00+03:30",
            "updated_at": "2025-03-20T15:00:00+03:30"
        }
    },
    {
        "model": "book.Chapter",
        "pk": 50,
        "fields": {
            "title": "چالش‌های پیش رو",
            "book": 10,
            "body": "محتوای چپتر چالش‌های پیش رو در کتاب رهایی از گذشته",
            "is_approved": true,
            "created_at": "2025-03-20T15:30:00+03:30",
            "updated_at": "2025-03-20T15:30:00+03:30"
        }
    },
    {
        "model": "book.Chapter",
        "pk": 51,
        "fields": {
            "title": "پذیرش واقعیت",
            "book": 10,
            "body": "محتوای چپتر پذیرش واقعیت در کتاب رهایی از گذشته",
            "is_approved": true,
            "created_at": "2025-03-20T16:00:00+03:30",
            "updated_at": "2025-03-20T16:00:00+03:30"
        }
    },
    {
        "model": "book.Chapter",
        "pk": 52,
        "fields": {
            "title": "آغاز سفر",
            "book": 11,
            "body": "محتوای چپتر آغاز سفر در کتاب خاطرات سرشار از دلتنگی",
            "is_approved": true,
            "created_at": "2025-03-20T13:30:00+03:30",
            "updated_at": "2025-03-20T13:30:00+03:30"
        }
    },
    {
        "model": "book.Chapter",
        "pk": 53,
        "fields": {
            "title": "در دل تاریکی",
            "book": 11,
            "body": "محتوای چپتر در دل تاریکی در کتاب خاطرات سرشار از دلتنگی",
            "is_approved": true,
            "created_at": "2025-03-20T14:00:00+03:30",
            "updated_at": "2025-03-20T14:00:00+03:30"
        }
    },
    {
        "model": "book.Chapter",
        "pk": 54,
        "fields": {
            "title": "دست‌یابی به هدف",
            "book": 11,
            "body": "محتوای چپتر دست‌یابی به هدف در کتاب خاطرات سرشار از دلتنگی",
            "is_approved": true,
            "created_at": "2025-03-20T14:30:00+03:30",
            "updated_at": "2025-03-20T14:30:00+03:30"
        }
    },
    {
        "model": "book.Chapter",
        "pk": 55,
        "fields": {
            "title": "ملاقات با حقیقت",
            "book": 11,
            "body": "محتوای چپتر ملاقات با حقیقت در کتاب خاطرات سرشار از دلتنگی",
            "is_approved": true,
            "created_at": "2025-03-20T15:00:00+03:30",
            "updated_at": "2025-03-20T15:00:00+03:30"
        }
    },
    {
        "model": "book.Chapter",
        "pk": 56,
        "fields": {
            "title": "چالش‌های پیش رو",
            "book": 11,
            "body": "محتوای چپتر چالش‌های پیش رو در کتاب خاطرات سرشار از دلتنگی",
            "is_approved": true,
            "created_at": "2025-03-20T15:30:00+03:30",
            "updated_at": "2025-03-20T15:30:00+03:30"
        }
    },
    {
        "model": "book.Chapter",
        "pk": 57,
        "fields": {
            "title": "پذیرش واقعیت",
            "book": 11,
            "body": "محتوای چپتر پذیرش واقعیت در کتاب خاطرات سرشار از دلتنگی",
            "is_approved": true,
            "created_at": "2025-03-20T16:00:00+03:30",
            "updated_at": "2025-03-20T16:00:00+03:30"
        }
    },
    {
        "model": "book.Chapter",
        "pk": 58,
        "fields": {
            "title": "دست‌نخورده",
            "book": 11,
            "body": "محتوای چپتر دست‌نخورده در کتاب خاطرات سرشار از دلتنگی",
            "is_approved": true,
            "created_at": "2025-03-20T16:30:00+03:30",
            "updated_at": "2025-03-20T16:30:00+03:30"
        }
    },
    {
        "model": "book.Chapter",
        "pk": 59,
        "fields": {
            "title": "آغاز سفر",
            "book": 12,
            "body": "محتوای چپتر آغاز سفر در کتاب جستجو برای نجات",
            "is_approved": true,
            "created_at": "2025-03-20T13:30:00+03:30",
            "updated_at": "2025-03-20T13:30:00+03:30"
        }
    },
    {
        "model": "book.Chapter",
        "pk": 60,
        "fields": {
            "title": "در دل تاریکی",
            "book": 12,
            "body": "محتوای چپتر در دل تاریکی در کتاب جستجو برای نجات",
            "is_approved": true,
            "created_at": "2025-03-20T14:00:00+03:30",
            "updated_at": "2025-03-20T14:00:00+03:30"
        }
    },
    {
        "model": "book.Chapter",
        "pk": 61,
        "fields": {
            "title": "دست‌یابی به هدف",
            "book": 12,
            "body": "محتوای چپتر دست‌یابی به هدف در کتاب جستجو برای نجات",
            "is_approved": true,
            "created_at": "2025-03-20T14:30:00+03:30",
            "updated_at": "2025-03-20T14:30:00+03:30"
        }
    },
    {
        "model": "book.Chapter",
        "pk": 62,
        "fields": {
            "title": "ملاقات با حقیقت",
            "book": 12,
            "body": "محتوای چپتر ملاقات با حقیقت در کتاب جستجو برای نجات",
            "is_approved": true,
            "created_at": "2025-03-20T15:00:00+03:30",
            "updated_at": "2025-03-20T15:00:00+03:30"
        }
    },
    {
        "model": "book.Chapter",
        "pk": 63,
        "fields": {
            "title": "چالش‌های پیش رو",
            "book": 12,
            "body": "محتوای چپتر چالش‌های پیش رو در کتاب جستجو برای نجات",
            "is_approved": true,
            "created_at": "2025-03-20T15:30:00+03:30",
            "updated_at": "2025-03-20T15:30:00+03:30"
        }
    },
    {
        "model": "book.Chapter",
        "pk": 64,
        "fields": {
            "title": "پذیرش واقعیت",
            "book": 12,
            "body": "محتوای چپتر پذیرش واقعیت در کتاب جستجو برای نجات",
            "is_approved": true,
            "created_at": "2025-03-20T16:00:00+03:30",
            "updated_at": "2025-03-20T16:00:00+03:30"
        }
    },
    {
        "model": "book.Chapter",
        "pk": 65,
        "fields": {
            "title": "دست‌نخورده",
            "book": 12,
            "body": "محتوای چپتر دست‌نخورده در کتاب جستجو برای نجات",
            "is_approved": true,
            "created_at": "2025-03-20T16:30:00+03:30",
            "updated_at": "2025-03-20T16:30:00+03:30"
        }
    },
    {
        "model": "book.Chapter",
        "pk": 66,
        "fields": {
            "title": "رازهای کشف‌شده",
            "book": 12,
            "body": "محتوای چپتر رازهای کشف‌شده در کتاب جستجو برای نجات",
            "is_approved": true,
            "created_at": "2025-03-20T17:00:00+03:30",
            "updated_at": "2025-03-20T17:00:00+03:30"
        }
    },
    {
        "model": "book.Chapter",
        "pk": 67,
        "fields": {
            "title": "آغاز سفر",
            "book": 13,
            "body": "محتوای چپتر آغاز سفر در کتاب دوستان در زمان جنگ",
            "is_approved": true,
            "created_at": "2025-03-20T13:30:00+03:30",
            "updated_at": "2025-03-20T13:30:00+03:30"
        }
    },
    {
        "model": "book.Chapter",
        "pk": 68,
        "fields": {
            "title": "در دل تاریکی",
            "book": 13,
            "body": "محتوای چپتر در دل تاریکی در کتاب دوستان در زمان جنگ",
            "is_approved": true,
            "created_at": "2025-03-20T14:00:00+03:30",
            "updated_at": "2025-03-20T14:00:00+03:30"
        }
    },
    {
        "model": "book.Chapter",
        "pk": 69,
        "fields": {
            "title": "دست‌یابی به هدف",
            "book": 13,
            "body": "محتوای چپتر دست‌یابی به هدف در کتاب دوستان در زمان جنگ",
            "is_approved": true,
            "created_at": "2025-03-20T14:30:00+03:30",
            "updated_at": "2025-03-20T14:30:00+03:30"
        }
    },
    {
        "model": "book.Chapter",
        "pk": 70,
        "fields": {
            "title": "آغاز سفر",
            "book": 14,
            "body": "محتوای چپتر آغاز سفر در کتاب یادگاری از فردا",
            "is_approved": true,
            "created_at": "2025-03-20T13:30:00+03:30",
            "updated_at": "2025-03-20T13:30:00+03:30"
        }
    },
    {
        "model": "book.Chapter",
        "pk": 71,
        "fields": {
            "title": "در دل تاریکی",
            "book": 14,
            "body": "محتوای چپتر در دل تاریکی در کتاب یادگاری از فردا",
            "is_approved": true,
            "created_at": "2025-03-20T14:00:00+03:30",
            "updated_at": "2025-03-20T14:00:00+03:30"
        }
    },
    {
        "model": "book.Chapter",
        "pk": 72,
        "fields": {
            "title": "دست‌یابی به هدف",
            "book": 14,
            "body": "محتوای چپتر دست‌یابی به هدف در کتاب یادگاری از فردا",
            "is_approved": true,
            "created_at": "2025-03-20T14:30:00+03:30",
            "updated_at": "2025-03-20T14:30:00+03:30"
        }
    },
    {
        "model": "book.Chapter",
        "pk": 73,
        "fields": {
            "title": "ملاقات با حقیقت",
            "book": 14,
            "body": "محتوای چپتر ملاقات با حقیقت در کتاب یادگاری از فردا",
            "is_approved": true,
            "created_at": "2025-03-20T15:00:00+03:30",
            "updated_at": "2025-03-20T15:00:00+03:30"
        }
    },
    {
        "model": "book.Chapter",
        "pk": 74,
        "fields": {
            "title": "آغاز سفر",
            "book": 15,
            "body": "محتوای چپتر آغاز سفر در کتاب دنیای موازی",
            "is_approved": true,
            "created_at": "2025-03-20T13:30:00+03:30",
            "updated_at": "2025-03-20T13:30:00+03:30"
        }
    },
    {
        "model": "book.Chapter",
        "pk": 75,
        "fields": {
            "title": "در دل تاریکی",
            "book": 15,
            "body": "محتوای چپتر در دل تاریکی در کتاب دنیای موازی",
            "is_approved": true,
            "created_at": "2025-03-20T14:00:00+03:30",
            "updated_at": "2025-03-20T14:00:00+03:30"
        }
    },
    {
        "model": "book.Chapter",
        "pk": 76,
        "fields": {
            "title": "دست‌یابی به هدف",
            "book": 15,
            "body": "محتوای چپتر دست‌یابی به هدف در کتاب دنیای موازی",
            "is_approved": true,
            "created_at": "2025-03-20T14:30:00+03:30",
            "updated_at": "2025-03-20T14:30:00+03:30"
        }
    },
    {
        "model": "book.Chapter",
        "pk": 77,
        "fields": {
            "title": "ملاقات با حقیقت",
            "book": 15,
            "body": "محتوای چپتر ملاقات با حقیقت در کتاب دنیای موازی",
            "is_approved": true,
            "created_at": "2025-03-20T15:00:00+03:30",
            "updated_at": "2025-03-20T15:00:00+03:30"
        }
    },
    {
        "model": "book.Chapter",
        "pk": 78,
        "fields": {
            "title": "چالش‌های پیش رو",
            "book": 15,
            "body": "محتوای چپتر چالش‌های پیش رو در کتاب دنیای موازی",
            "is_approved": true,
            "created_at": "2025-03-20T15:30:00+03:30",
            "updated_at": "2025-03-20T15:30:00+03:30"
        }
    },
    {
        "model": "book.Chapter",
        "pk": 79,
        "fields": {
            "title": "آغاز سفر",
            "book": 16,
            "body": "محتوای چپتر آغاز سفر در کتاب صدای پرنده‌ها",
            "is_approved": true,
            "created_at": "2025-03-20T13:30:00+03:30",
            "updated_at": "2025-03-20T13:30:00+03:30"
        }
    },
    {
        "model": "book.Chapter",
        "pk": 80,
        "fields": {
            "title": "در دل تاریکی",
            "book": 16,
            "body": "محتوای چپتر در دل تاریکی در کتاب صدای پرنده‌ها",
            "is_approved": true,
            "created_at": "2025-03-20T14:00:00+03:30",
            "updated_at": "2025-03-20T14:00:00+03:30"
        }
    },
    {
        "model": "book.Chapter",
        "pk": 81,
        "fields": {
            "title": "دست‌یابی به هدف",
            "book": 16,
            "body": "محتوای چپتر دست‌یابی به هدف در کتاب صدای پرنده‌ها",
            "is_approved": true,
            "created_at": "2025-03-20T14:30:00+03:30",
            "updated_at": "2025-03-20T14:30:00+03:30"
        }
    },
    {
        "model": "book.Chapter",
        "pk": 82,
        "fields": {
            "title": "ملاقات با حقیقت",
            "book": 16,
            "body": "محتوای چپتر ملاقات با حقیقت در کتاب صدای پرنده‌ها",
            "is_approved": true,
            "created_at": "2025-03-20T15:00:00+03:30",
            "updated_at": "2025-03-20T15:00:00+03:30"
        }
    },
    {
        "model": "book.Chapter",
        "pk": 83,
        "fields": {
            "title": "چالش‌های پیش رو",
            "book": 16,
            "body": "محتوای چپتر چالش‌های پیش رو در کتاب صدای پرنده‌ها",
            "is_approved": true,
            "created_at": "2025-03-20T15:30:00+03:30",
            "updated_at": "2025-03-20T15:30:00+03:30"
        }
    },
    {
        "model": "book.Chapter",
        "pk": 84,
        "fields": {
            "title": "پذیرش واقعیت",
            "book": 16,
            "body": "محتوای چپتر پذیرش واقعیت در کتاب صدای پرنده‌ها",
            "is_approved": true,
            "created_at": "2025-03-20T16:00:00+03:30",
            "updated_at": "2025-03-20T16:00:00+03:30"
        }
    },
    {
        "model": "book.Chapter",
        "pk": 85,
        "fields": {
            "title": "آغاز سفر",
            "book": 17,
            "body": "محتوای چپتر آغاز سفر در کتاب فراتر از ابرها",
            "is_approved": true,
            "created_at": "2025-03-20T13:30:00+03:30",
            "updated_at": "2025-03-20T13:30:00+03:30"
        }
    },
    {
        "model": "book.Chapter",
        "pk": 86,
        "fields": {
            "title": "در دل تاریکی",
            "book": 17,
            "body": "محتوای چپتر در دل تاریکی در کتاب فراتر از ابرها",
            "is_approved": true,
            "created_at": "2025-03-20T14:00:00+03:30",
            "updated_at": "2025-03-20T14:00:00+03:30"
        }
    },
    {
        "model": "book.Chapter",
        "pk": 87,
        "fields": {
            "title": "دست‌یابی به هدف",
            "book": 17,
            "body": "محتوای چپتر دست‌یابی به هدف در کتاب فراتر از ابرها",
            "is_approved": true,
            "created_at": "2025-03-20T14:30:00+03:30",
            "updated_at": "2025-03-20T14:30:00+03:30"
        }
    },
    {
        "model": "book.Chapter",
        "pk": 88,
        "fields": {
            "title": "ملاقات با حقیقت",
            "book": 17,
            "body": "محتوای چپتر ملاقات با حقیقت در کتاب فراتر از ابرها",
            "is_approved": true,
            "created_at": "2025-03-20T15:00:00+03:30",
            "updated_at": "2025-03-20T15:00:00+03:30"
        }
    },
    {
        "model": "book.Chapter",
        "pk": 89,
        "fields": {
            "title": "چالش‌های پیش رو",
            "book": 17,
            "body": "محتوای چپتر چالش‌های پیش رو در کتاب فراتر از ابرها",
            "is_approved": true,
            "created_at": "2025-03-20T15:30:00+03:30",
            "updated_at": "2025-03-20T15:30:00+03:30"
        }
    },
    {
        "model": "book.Chapter",
        "pk": 90,
        "fields": {
            "title": "پذیرش واقعیت",
            "book": 17,
            "body": "محتوای چپتر پذیرش واقعیت در کتاب فراتر از ابرها",
            "is_approved": true,
            "created_at": "2025-03-20T16:00:00+03:30",
            "updated_at": "2025-03-20T16:00:00+03:30"
        }
    },
    {
        "model": "book.Chapter",
        "pk": 91,
        "fields": {
            "title": "دست‌نخورده",
            "book": 17,
            "body": "محتوای چپتر دست‌نخورده در کتاب فراتر از ابرها",
            "is_approved": true,
            "created_at": "2025-03-20T16:30:00+03:30",
            "updated_at": "2025-03-20T16:30:00+03:30"
        }
    },
    {
        "model": "book.Chapter",
        "pk": 92,
        "fields": {
            "title": "آغاز سفر",
            "book": 18,
            "body": "محتوای چپتر آغاز سفر در کتاب سفر به قلب تاریکی",
            "is_approved": true,
            "created_at": "2025-03-20T13:30:00+03:30",
            "updated_at": "2025-03-20T13:30:00+03:30"
        }
    },
    {
        "model": "book.Chapter",
        "pk": 93,
        "fields": {
            "title": "در دل تاریکی",
            "book": 18,
            "body": "محتوای چپتر در دل تاریکی در کتاب سفر به قلب تاریکی",
            "is_approved": true,
            "created_at": "2025-03-20T14:00:00+03:30",
            "updated_at": "2025-03-20T14:00:00+03:30"
        }
    },
    {
        "model": "book.Chapter",
        "pk": 94,
        "fields": {
            "title": "دست‌یابی به هدف",
            "book": 18,
            "body": "محتوای چپتر دست‌یابی به هدف در کتاب سفر به قلب تاریکی",
            "is_approved": true,
            "created_at": "2025-03-20T14:30:00+03:30",
            "updated_at": "2025-03-20T14:30:00+03:30"
        }
    },
    {
        "model": "book.Chapter",
        "pk": 95,
        "fields": {
            "title": "ملاقات با حقیقت",
            "book": 18,
            "body": "محتوای چپتر ملاقات با حقیقت در کتاب سفر به قلب تاریکی",
            "is_approved": true,
            "created_at": "2025-03-20T15:00:00+03:30",
            "updated_at": "2025-03-20T15:00:00+03:30"
        }
    },
    {
        "model": "book.Chapter",
        "pk": 96,
        "fields": {
            "title": "چالش‌های پیش رو",
            "book": 18,
            "body": "محتوای چپتر چالش‌های پیش رو در کتاب سفر به قلب تاریکی",
            "is_approved": true,
            "created_at": "2025-03-20T15:30:00+03:30",
            "updated_at": "2025-03-20T15:30:00+03:30"
        }
    },
    {
        "model": "book.Chapter",
        "pk": 97,
        "fields": {
            "title": "پذیرش واقعیت",
            "book": 18,
            "body": "محتوای چپتر پذیرش واقعیت در کتاب سفر به قلب تاریکی",
            "is_approved": true,
            "created_at": "2025-03-20T16:00:00+03:30",
            "updated_at": "2025-03-20T16:00:00+03:30"
        }
    },
    {
        "model": "book.Chapter",
        "pk": 98,
        "fields": {
            "title": "دست‌نخورده",
            "book": 18,
            "body": "محتوای چپتر دست‌نخورده در کتاب سفر به قلب تاریکی",
            "is_approved": true,
            "created_at": "2025-03-20T16:30:00+03:30",
            "updated_at": "2025-03-20T16:30:00+03:30"
        }
    },
    {
        "model": "book.Chapter",
        "pk": 99,
        "fields": {
            "title": "رازهای کشف‌شده",
            "book": 18,
            "body": "محتوای چپتر رازهای کشف‌شده در کتاب سفر به قلب تاریکی",
            "is_approved": true,
            "created_at": "2025-03-20T17:00:00+03:30",
            "updated_at": "2025-03-20T17:00:00+03:30"
        }
    },
    {
        "model": "book.Chapter",
        "pk": 100,
        "fields": {
            "title": "آغاز سفر",
            "book": 19,
            "body": "محتوای چپتر آغاز سفر در کتاب وقتی ماه می‌درخشد",
            "is_approved": true,
            "created_at": "2025-03-20T13:30:00+03:30",
            "updated_at": "2025-03-20T13:30:00+03:30"
        }
    },
    {
        "model": "book.Chapter",
        "pk": 101,
        "fields": {
            "title": "در دل تاریکی",
            "book": 19,
            "body": "محتوای چپتر در دل تاریکی در کتاب وقتی ماه می‌درخشد",
            "is_approved": true,
            "created_at": "2025-03-20T14:00:00+03:30",
            "updated_at": "2025-03-20T14:00:00+03:30"
        }
    },
    {
        "model": "book.Chapter",
        "pk": 102,
        "fields": {
            "title": "دست‌یابی به هدف",
            "book": 19,
            "body": "محتوای چپتر دست‌یابی به هدف در کتاب وقتی ماه می‌درخشد",
            "is_approved": true,
            "created_at": "2025-03-20T14:30:00+03:30",
            "updated_at": "2025-03-20T14:30:00+03:30"
        }
    },
    {
        "model": "book.Chapter",
        "pk": 103,
        "fields": {
            "title": "آغاز سفر",
            "book": 20,
            "body": "محتوای چپتر آغاز سفر در کتاب دنیای بی‌پایان",
            "is_approved": true,
            "created_at": "2025-03-20T13:30:00+03:30",
            "updated_at": "2025-03-20T13:30:00+03:30"
        }
    },
    {
        "model": "book.Chapter",
        "pk": 104,
        "fields": {
            "title": "در دل تاریکی",
            "book": 20,
            "body": "محتوای چپتر در دل تاریکی در کتاب دنیای بی‌پایان",
            "is_approved": true,
            "created_at": "2025-03-20T14:00:00+03:30",
            "updated_at": "2025-03-20T14:00:00+03:30"
        }
    },
    {
        "model": "book.Chapter",
        "pk": 105,
        "fields": {
            "title": "دست‌یابی به هدف",
            "book": 20,
            "body": "محتوای چپتر دست‌یابی به هدف در کتاب دنیای بی‌پایان",
            "is_approved": true,
            "created_at": "2025-03-20T14:30:00+03:30",
            "updated_at": "2025-03-20T14:30:00+03:30"
        }
    },
    {
        "model": "book.Chapter",
        "pk": 106,
        "fields": {
            "title": "ملاقات با حقیقت",
            "book": 20,
            "body": "محتوای چپتر ملاقات با حقیقت در کتاب دنیای بی‌پایان",
            "is_approved": true,
            "created_at": "2025-03-20T15:00:00+03:30",
            "updated_at": "2025-03-20T15:00:00+03:30"
        }
    },
    {
        "model": "book.Chapter",
        "pk": 107,
        "fields": {
            "title": "آغاز سفر",
            "book": 21,
            "body": "محتوای چپتر آغاز سفر در کتاب گمشده در زمان",
            "is_approved": true,
            "created_at": "2025-03-20T13:30:00+03:30",
            "updated_at": "2025-03-20T13:30:00+03:30"
        }
    },
    {
        "model": "book.Chapter",
        "pk": 108,
        "fields": {
            "title": "در دل تاریکی",
            "book": 21,
            "body": "محتوای چپتر در دل تاریکی در کتاب گمشده در زمان",
            "is_approved": true,
            "created_at": "2025-03-20T14:00:00+03:30",
            "updated_at": "2025-03-20T14:00:00+03:30"
        }
    },
    {
        "model": "book.Chapter",
        "pk": 109,
        "fields": {
            "title": "دست‌یابی به هدف",
            "book": 21,
            "body": "محتوای چپتر دست‌یابی به هدف در کتاب گمشده در زمان",
            "is_approved": true,
            "created_at": "2025-03-20T14:30:00+03:30",
            "updated_at": "2025-03-20T14:30:00+03:30"
        }
    },
    {
        "model": "book.Chapter",
        "pk": 110,
        "fields": {
            "title": "ملاقات با حقیقت",
            "book": 21,
            "body": "محتوای چپتر ملاقات با حقیقت در کتاب گمشده در زمان",
            "is_approved": true,
            "created_at": "2025-03-20T15:00:00+03:30",
            "updated_at": "2025-03-20T15:00:00+03:30"
        }
    },
    {
        "model": "book.Chapter",
        "pk": 111,
        "fields": {
            "title": "چالش‌های پیش رو",
            "book": 21,
            "body": "محتوای چپتر چالش‌های پیش رو در کتاب گمشده در زمان",
            "is_approved": true,
            "created_at": "2025-03-20T15:30:00+03:30",
            "updated_at": "2025-03-20T15:30:00+03:30"
        }
    },
    {
        "model": "book.Chapter",
        "pk": 112,
        "fields": {
            "title": "آغاز سفر",
            "book": 22,
            "body": "محتوای چپتر آغاز سفر در کتاب آرزوهای ناتمام",
            "is_approved": true,
            "created_at": "2025-03-20T13:30:00+03:30",
            "updated_at": "2025-03-20T13:30:00+03:30"
        }
    },
    {
        "model": "book.Chapter",
        "pk": 113,
        "fields": {
            "title": "در دل تاریکی",
            "book": 22,
            "body": "محتوای چپتر در دل تاریکی در کتاب آرزوهای ناتمام",
            "is_approved": true,
            "created_at": "2025-03-20T14:00:00+03:30",
            "updated_at": "2025-03-20T14:00:00+03:30"
        }
    },
    {
        "model": "book.Chapter",
        "pk": 114,
        "fields": {
            "title": "دست‌یابی به هدف",
            "book": 22,
            "body": "محتوای چپتر دست‌یابی به هدف در کتاب آرزوهای ناتمام",
            "is_approved": true,
            "created_at": "2025-03-20T14:30:00+03:30",
            "updated_at": "2025-03-20T14:30:00+03:30"
        }
    },
    {
        "model": "book.Chapter",
        "pk": 115,
        "fields": {
            "title": "ملاقات با حقیقت",
            "book": 22,
            "body": "محتوای چپتر ملاقات با حقیقت در کتاب آرزوهای ناتمام",
            "is_approved": true,
            "created_at": "2025-03-20T15:00:00+03:30",
            "updated_at": "2025-03-20T15:00:00+03:30"
        }
    },
    {
        "model": "book.Chapter",
        "pk": 116,
        "fields": {
            "title": "چالش‌های پیش رو",
            "book": 22,
            "body": "محتوای چپتر چالش‌های پیش رو در کتاب آرزوهای ناتمام",
            "is_approved": true,
            "created_at": "2025-03-20T15:30:00+03:30",
            "updated_at": "2025-03-20T15:30:00+03:30"
        }
    },
    {
        "model": "book.Chapter",
        "pk": 117,
        "fields": {
            "title": "پذیرش واقعیت",
            "book": 22,
            "body": "محتوای چپتر پذیرش واقعیت در کتاب آرزوهای ناتمام",
            "is_approved": true,
            "created_at": "2025-03-20T16:00:00+03:30",
            "updated_at": "2025-03-20T16:00:00+03:30"
        }
    },
    {
        "model": "book.Chapter",
        "pk": 118,
        "fields": {
            "title": "آغاز سفر",
            "book": 23,
            "body": "محتوای چپتر آغاز سفر در کتاب گزارش یک زندگی",
            "is_approved": true,
            "created_at": "2025-03-20T13:30:00+03:30",
            "updated_at": "2025-03-20T13:30:00+03:30"
        }
    },
    {
        "model": "book.Chapter",
        "pk": 119,
        "fields": {
            "title": "در دل تاریکی",
            "book": 23,
            "body": "محتوای چپتر در دل تاریکی در کتاب گزارش یک زندگی",
            "is_approved": true,
            "created_at": "2025-03-20T14:00:00+03:30",
            "updated_at": "2025-03-20T14:00:00+03:30"
        }
    },
    {
        "model": "book.Chapter",
        "pk": 120,
        "fields": {
            "title": "دست‌یابی به هدف",
            "book": 23,
            "body": "محتوای چپتر دست‌یابی به هدف در کتاب گزارش یک زندگی",
            "is_approved": true,
            "created_at": "2025-03-20T14:30:00+03:30",
            "updated_at": "2025-03-20T14:30:00+03:30"
        }
    },
    {
        "model": "book.Chapter",
        "pk": 121,
        "fields": {
            "title": "ملاقات با حقیقت",
            "book": 23,
            "body": "محتوای چپتر ملاقات با حقیقت در کتاب گزارش یک زندگی",
            "is_approved": true,
            "created_at": "2025-03-20T15:00:00+03:30",
            "updated_at": "2025-03-20T15:00:00+03:30"
        }
    },
    {
        "model": "book.Chapter",
        "pk": 122,
        "fields": {
            "title": "چالش‌های پیش رو",
            "book": 23,
            "body": "محتوای چپتر چالش‌های پیش رو در کتاب گزارش یک زندگی",
            "is_approved": true,
            "created_at": "2025-03-20T15:30:00+03:30",
            "updated_at": "2025-03-20T15:30:00+03:30"
        }
    },
    {
        "model": "book.Chapter",
        "pk": 123,
        "fields": {
            "title": "پذیرش واقعیت",
            "book": 23,
            "body": "محتوای چپتر پذیرش واقعیت در کتاب گزارش یک زندگی",
            "is_approved": true,
            "created_at": "2025-03-20T16:00:00+03:30",
            "updated_at": "2025-03-20T16:00:00+03:30"
        }
    },
    {
        "model": "book.Chapter",
        "pk": 124,
        "fields": {
            "title": "دست‌نخورده",
            "book": 23,
            "body": "محتوای چپتر دست‌نخورده در کتاب گزارش یک زندگی",
            "is_approved": true,
            "created_at": "2025-03-20T16:30:00+03:30",
            "updated_at": "2025-03-20T16:30:00+03:30"
        }
    },
    {
        "model": "book.Chapter",
        "pk": 125,
        "fields": {
            "title": "آغاز سفر",
            "book": 24,
            "body": "محتوای چپتر آغاز سفر در کتاب درباره یک عشق فراموش‌شده",
            "is_approved": true,
            "created_at": "2025-03-20T13:30:00+03:30",
            "updated_at": "2025-03-20T13:30:00+03:30"
        }
    },
    {
        "model": "book.Chapter",
        "pk": 126,
        "fields": {
            "title": "در دل تاریکی",
            "book": 24,
            "body": "محتوای چپتر در دل تاریکی در کتاب درباره یک عشق فراموش‌شده",
            "is_approved": true,
            "created_at": "2025-03-20T14:00:00+03:30",
            "updated_at": "2025-03-20T14:00:00+03:30"
        }
    },
    {
        "model": "book.Chapter",
        "pk": 127,
        "fields": {
            "title": "دست‌یابی به هدف",
            "book": 24,
            "body": "محتوای چپتر دست‌یابی به هدف در کتاب درباره یک عشق فراموش‌شده",
            "is_approved": true,
            "created_at": "2025-03-20T14:30:00+03:30",
            "updated_at": "2025-03-20T14:30:00+03:30"
        }
    },
    {
        "model": "book.Chapter",
        "pk": 128,
        "fields": {
            "title": "ملاقات با حقیقت",
            "book": 24,
            "body": "محتوای چپتر ملاقات با حقیقت در کتاب درباره یک عشق فراموش‌شده",
            "is_approved": true,
            "created_at": "2025-03-20T15:00:00+03:30",
            "updated_at": "2025-03-20T15:00:00+03:30"
        }
    },
    {
        "model": "book.Chapter",
        "pk": 129,
        "fields": {
            "title": "چالش‌های پیش رو",
            "book": 24,
            "body": "محتوای چپتر چالش‌های پیش رو در کتاب درباره یک عشق فراموش‌شده",
            "is_approved": true,
            "created_at": "2025-03-20T15:30:00+03:30",
            "updated_at": "2025-03-20T15:30:00+03:30"
        }
    },
    {
        "model": "book.Chapter",
        "pk": 130,
        "fields": {
            "title": "پذیرش واقعیت",
            "book": 24,
            "body": "محتوای چپتر پذیرش واقعیت در کتاب درباره یک عشق فراموش‌شده",
            "is_approved": true,
            "created_at": "2025-03-20T16:00:00+03:30",
            "updated_at": "2025-03-20T16:00:00+03:30"
        }
    },
    {
        "model": "book.Chapter",
        "pk": 131,
        "fields": {
            "title": "دست‌نخورده",
            "book": 24,
            "body": "محتوای چپتر دست‌نخورده در کتاب درباره یک عشق فراموش‌شده",
            "is_approved": true,
            "created_at": "2025-03-20T16:30:00+03:30",
            "updated_at": "2025-03-20T16:30:00+03:30"
        }
    },
    {
        "model": "book.Chapter",
        "pk": 132,
        "fields": {
            "title": "رازهای کشف‌شده",
            "book": 24,
            "body": "محتوای چپتر رازهای کشف‌شده در کتاب درباره یک عشق فراموش‌شده",
            "is_approved": true,
            "created_at": "2025-03-20T17:00:00+03:30",
            "updated_at": "2025-03-20T17:00:00+03:30"
        }
    },
    {
        "model": "book.Chapter",
        "pk": 133,
        "fields": {
            "title": "آغاز سفر",
            "book": 25,
            "body": "محتوای چپتر آغاز سفر در کتاب از نو شروع کردن",
            "is_approved": true,
            "created_at": "2025-03-20T13:30:00+03:30",
            "updated_at": "2025-03-20T13:30:00+03:30"
        }
    },
    {
        "model": "book.Chapter",
        "pk": 134,
        "fields": {
            "title": "در دل تاریکی",
            "book": 25,
            "body": "محتوای چپتر در دل تاریکی در کتاب از نو شروع کردن",
            "is_approved": true,
            "created_at": "2025-03-20T14:00:00+03:30",
            "updated_at": "2025-03-20T14:00:00+03:30"
        }
    },
    {
        "model": "book.Chapter",
        "pk": 135,
        "fields": {
            "title": "دست‌یابی به هدف",
            "book": 25,
            "body": "محتوای چپتر دست‌یابی به هدف در کتاب از نو شروع کردن",
            "is_approved": true,
            "created_at": "2025-03-20T14:30:00+03:30",
            "updated_at": "2025-03-20T14:30:00+03:30"
        }
    },
    {
        "model": "book.Chapter",
        "pk": 136,
        "fields": {
            "title": "آغاز سفر",
            "book": 26,
            "body": "محتوای چپتر آغاز سفر در کتاب چشم‌اندازهای جدید",
            "is_approved": true,
            "created_at": "2025-03-20T13:30:00+03:30",
            "updated_at": "2025-03-20T13:30:00+03:30"
        }
    },
    {
        "model": "book.Chapter",
        "pk": 137,
        "fields": {
            "title": "در دل تاریکی",
            "book": 26,
            "body": "محتوای چپتر در دل تاریکی در کتاب چشم‌اندازهای جدید",
            "is_approved": true,
            "created_at": "2025-03-20T14:00:00+03:30",
            "updated_at": "2025-03-20T14:00:00+03:30"
        }
    },
    {
        "model": "book.Chapter",
        "pk": 138,
        "fields": {
            "title": "دست‌یابی به هدف",
            "book": 26,
            "body": "محتوای چپتر دست‌یابی به هدف در کتاب چشم‌اندازهای جدید",
            "is_approved": true,
            "created_at": "2025-03-20T14:30:00+03:30",
            "updated_at": "2025-03-20T14:30:00+03:30"
        }
    },
    {
        "model": "book.Chapter",
        "pk": 139,
        "fields": {
            "title": "ملاقات با حقیقت",
            "book": 26,
            "body": "محتوای چپتر ملاقات با حقیقت در کتاب چشم‌اندازهای جدید",
            "is_approved": true,
            "created_at": "2025-03-20T15:00:00+03:30",
            "updated_at": "2025-03-20T15:00:00+03:30"
        }
    },
    {
        "model": "book.Chapter",
        "pk": 140,
        "fields": {
            "title": "آغاز سفر",
            "book": 27,
            "body": "محتوای چپتر آغاز سفر در کتاب داستان‌های یک شب تابستانی",
            "is_approved": true,
            "created_at": "2025-03-20T13:30:00+03:30",
            "updated_at": "2025-03-20T13:30:00+03:30"
        }
    },
    {
        "model": "book.Chapter",
        "pk": 141,
        "fields": {
            "title": "در دل تاریکی",
            "book": 27,
            "body": "محتوای چپتر در دل تاریکی در کتاب داستان‌های یک شب تابستانی",
            "is_approved": true,
            "created_at": "2025-03-20T14:00:00+03:30",
            "updated_at": "2025-03-20T14:00:00+03:30"
        }
    },
    {
        "model": "book.Chapter",
        "pk": 142,
        "fields": {
            "title": "دست‌یابی به هدف",
            "book": 27,
            "body": "محتوای چپتر دست‌یابی به هدف در کتاب داستان‌های یک شب تابستانی",
            "is_approved": true,
            "created_at": "2025-03-20T14:30:00+03:30",
            "updated_at": "2025-03-20T14:30:00+03:30"
        }
    },
    {
        "model": "book.Chapter",
        "pk": 143,
        "fields": {
            "title": "ملاقات با حقیقت",
            "book": 27,
            "body": "محتوای چپتر ملاقات با حقیقت در کتاب داستان‌های یک شب تابستانی",
            "is_approved": true,
            "created_at": "2025-03-20T15:00:00+03:30",
            "updated_at": "2025-03-20T15:00:00+03:30"
        }
    },
    {
        "model": "book.Chapter",
        "pk": 144,
        "fields": {
            "title": "چالش‌های پیش رو",
            "book": 27,
            "body": "محتوای چپتر چالش‌های پیش رو در کتاب داستان‌های یک شب تابستانی",
            "is_approved": true,
            "created_at": "2025-03-20T15:30:00+03:30",
            "updated_at": "2025-03-20T15:30:00+03:30"
        }
    },
    {
        "model": "book.Chapter",
        "pk": 145,
        "fields": {
            "title": "آغاز سفر",
            "book": 28,
            "body": "محتوای چپتر آغاز سفر در کتاب هرگز برنگشتن",
            "is_approved": true,
            "created_at": "2025-03-20T13:30:00+03:30",
            "updated_at": "2025-03-20T13:30:00+03:30"
        }
    },
    {
        "model": "book.Chapter",
        "pk": 146,
        "fields": {
            "title": "در دل تاریکی",
            "book": 28,
            "body": "محتوای چپتر در دل تاریکی در کتاب هرگز برنگشتن",
            "is_approved": true,
            "created_at": "2025-03-20T14:00:00+03:30",
            "updated_at": "2025-03-20T14:00:00+03:30"
        }
    },
    {
        "model": "book.Chapter",
        "pk": 147,
        "fields": {
            "title": "دست‌یابی به هدف",
            "book": 28,
            "body": "محتوای چپتر دست‌یابی به هدف در کتاب هرگز برنگشتن",
            "is_approved": true,
            "created_at": "2025-03-20T14:30:00+03:30",
            "updated_at": "2025-03-20T14:30:00+03:30"
        }
    },
    {
        "model": "book.Chapter",
        "pk": 148,
        "fields": {
            "title": "ملاقات با حقیقت",
            "book": 28,
            "body": "محتوای چپتر ملاقات با حقیقت در کتاب هرگز برنگشتن",
            "is_approved": true,
            "created_at": "2025-03-20T15:00:00+03:30",
            "updated_at": "2025-03-20T15:00:00+03:30"
        }
    },
    {
        "model": "book.Chapter",
        "pk": 149,
        "fields": {
            "title": "چالش‌های پیش رو",
            "book": 28,
            "body": "محتوای چپتر چالش‌های پیش رو در کتاب هرگز برنگشتن",
            "is_approved": true,
            "created_at": "2025-03-20T15:30:00+03:30",
            "updated_at": "2025-03-20T15:30:00+03:30"
        }
    },
    {
        "model": "book.Chapter",
        "pk": 150,
        "fields": {
            "title": "پذیرش واقعیت",
            "book": 28,
            "body": "محتوای چپتر پذیرش واقعیت در کتاب هرگز برنگشتن",
            "is_approved": true,
            "created_at": "2025-03-20T16:00:00+03:30",
            "updated_at": "2025-03-20T16:00:00+03:30"
        }
    },
    {
        "model": "book.Chapter",
        "pk": 151,
        "fields": {
            "title": "آغاز سفر",
            "book": 29,
            "body": "محتوای چپتر آغاز سفر در کتاب ماجراهای دریا",
            "is_approved": true,
            "created_at": "2025-03-20T13:30:00+03:30",
            "updated_at": "2025-03-20T13:30:00+03:30"
        }
    },
    {
        "model": "book.Chapter",
        "pk": 152,
        "fields": {
            "title": "در دل تاریکی",
            "book": 29,
            "body": "محتوای چپتر در دل تاریکی در کتاب ماجراهای دریا",
            "is_approved": true,
            "created_at": "2025-03-20T14:00:00+03:30",
            "updated_at": "2025-03-20T14:00:00+03:30"
        }
    },
    {
        "model": "book.Chapter",
        "pk": 153,
        "fields": {
            "title": "دست‌یابی به هدف",
            "book": 29,
            "body": "محتوای چپتر دست‌یابی به هدف در کتاب ماجراهای دریا",
            "is_approved": true,
            "created_at": "2025-03-20T14:30:00+03:30",
            "updated_at": "2025-03-20T14:30:00+03:30"
        }
    },
    {
        "model": "book.Chapter",
        "pk": 154,
        "fields": {
            "title": "ملاقات با حقیقت",
            "book": 29,
            "body": "محتوای چپتر ملاقات با حقیقت در کتاب ماجراهای دریا",
            "is_approved": true,
            "created_at": "2025-03-20T15:00:00+03:30",
            "updated_at": "2025-03-20T15:00:00+03:30"
        }
    },
    {
        "model": "book.Chapter",
        "pk": 155,
        "fields": {
            "title": "چالش‌های پیش رو",
            "book": 29,
            "body": "محتوای چپتر چالش‌های پیش رو در کتاب ماجراهای دریا",
            "is_approved": true,
            "created_at": "2025-03-20T15:30:00+03:30",
            "updated_at": "2025-03-20T15:30:00+03:30"
        }
    },
    {
        "model": "book.Chapter",
        "pk": 156,
        "fields": {
            "title": "پذیرش واقعیت",
            "book": 29,
            "body": "محتوای چپتر پذیرش واقعیت در کتاب ماجراهای دریا",
            "is_approved": true,
            "created_at": "2025-03-20T16:00:00+03:30",
            "updated_at": "2025-03-20T16:00:00+03:30"
        }
    },
    {
        "model": "book.Chapter",
        "pk": 157,
        "fields": {
            "title": "دست‌نخورده",
            "book": 29,
            "body": "محتوای چپتر دست‌نخورده در کتاب ماجراهای دریا",
            "is_approved": true,
            "created_at": "2025-03-20T16:30:00+03:30",
            "updated_at": "2025-03-20T16:30:00+03:30"
        }
    },
    {
        "model": "book.Chapter",
        "pk": 158,
        "fields": {
            "title": "آغاز سفر",
            "book": 30,
            "body": "محتوای چپتر آغاز سفر در کتاب آفتاب در پشت ابرها",
            "is_approved": true,
            "created_at": "2025-03-20T13:30:00+03:30",
            "updated_at": "2025-03-20T13:30:00+03:30"
        }
    },
    {
        "model": "book.Chapter",
        "pk": 159,
        "fields": {
            "title": "در دل تاریکی",
            "book": 30,
            "body": "محتوای چپتر در دل تاریکی در کتاب آفتاب در پشت ابرها",
            "is_approved": true,
            "created_at": "2025-03-20T14:00:00+03:30",
            "updated_at": "2025-03-20T14:00:00+03:30"
        }
    },
    {
        "model": "book.Chapter",
        "pk": 160,
        "fields": {
            "title": "دست‌یابی به هدف",
            "book": 30,
            "body": "محتوای چپتر دست‌یابی به هدف در کتاب آفتاب در پشت ابرها",
            "is_approved": true,
            "created_at": "2025-03-20T14:30:00+03:30",
            "updated_at": "2025-03-20T14:30:00+03:30"
        }
    },
    {
        "model": "book.Chapter",
        "pk": 161,
        "fields": {
            "title": "ملاقات با حقیقت",
            "book": 30,
            "body": "محتوای چپتر ملاقات با حقیقت در کتاب آفتاب در پشت ابرها",
            "is_approved": true,
            "created_at": "2025-03-20T15:00:00+03:30",
            "updated_at": "2025-03-20T15:00:00+03:30"
        }
    },
    {
        "model": "book.Chapter",
        "pk": 162,
        "fields": {
            "title": "چالش‌های پیش رو",
            "book": 30,
            "body": "محتوای چپتر چالش‌های پیش رو در کتاب آفتاب در پشت ابرها",
            "is_approved": true,
            "created_at": "2025-03-20T15:30:00+03:30",
            "updated_at": "2025-03-20T15:30:00+03:30"
        }
    },
    {
        "model": "book.Chapter",
        "pk": 163,
        "fields": {
            "title": "پذیرش واقعیت",
            "book": 30,
            "body": "محتوای چپتر پذیرش واقعیت در کتاب آفتاب در پشت ابرها",
            "is_approved": true,
            "created_at": "2025-03-20T16:00:00+03:30",
            "updated_at": "2025-03-20T16:00:00+03:30"
        }
    },
    {
        "model": "book.Chapter",
        "pk": 164,
        "fields": {
            "title": "دست‌نخورده",
            "book": 30,
            "body": "محتوای چپتر دست‌نخورده در کتاب آفتاب در پشت ابرها",
            "is_approved": true,
            "created_at": "2025-03-20T16:30:00+03:30",
            "updated_at": "2025-03-20T16:30:00+03:30"
        }
    },
    {
        "model": "book.Chapter",
        "pk": 165,
        "fields": {
            "title": "رازهای کشف‌شده",
            "book": 30,
            "body": "محتوای چپتر رازهای کشف‌شده در کتاب آفتاب در پشت ابرها",
            "is_approved": true,
            "created_at": "2025-03-20T17:00:00+03:30",
            "updated_at": "2025-03-20T17:00:00+03:30"
        }
    }
]